{ "frames": {
   "bomb_oil 0.ase": {
    "frame": { "x": 0, "y": 0, "w": 16, "h": 8 },
    "rotated": false,
    "trimmed": false,
    "spriteSourceSize": { "x": 0, "y": 0, "w": 16, "h": 8 },
    "sourceSize": { "w": 16, "h": 8 },
    "duration": 100
   },
   "bomb_oil 1.ase": {
    "frame": { "x": 16, "y": 0, "w": 16, "h": 8 },
    "rotated": false,
    "trimmed": false,
    "spriteSourceSize": { "x": 0, "y": 0, "w": 16, "h": 8 },
    "sourceSize": { "w": 16, "h": 8 },
    "duration": 100
   }
 },
 "meta": {
  "app": "http://www.aseprite.org/",
  "version": "1.1.5-dev",
  "image": "assets/bomb_oil.png",
  "format": "I8",
  "size": { "w": 32, "h": 8 },
  "scale": "1"
 }
}
