{ "frames": {
   "menu_drops 0.ase": {
    "frame": { "x": 0, "y": 0, "w": 7, "h": 8 },
    "rotated": false,
    "trimmed": false,
    "spriteSourceSize": { "x": 0, "y": 0, "w": 7, "h": 8 },
    "sourceSize": { "w": 7, "h": 8 },
    "duration": 100
   },
   "menu_drops 1.ase": {
    "frame": { "x": 7, "y": 0, "w": 7, "h": 8 },
    "rotated": false,
    "trimmed": false,
    "spriteSourceSize": { "x": 0, "y": 0, "w": 7, "h": 8 },
    "sourceSize": { "w": 7, "h": 8 },
    "duration": 100
   },
   "menu_drops 2.ase": {
    "frame": { "x": 14, "y": 0, "w": 7, "h": 8 },
    "rotated": false,
    "trimmed": false,
    "spriteSourceSize": { "x": 0, "y": 0, "w": 7, "h": 8 },
    "sourceSize": { "w": 7, "h": 8 },
    "duration": 100
   },
   "menu_drops 3.ase": {
    "frame": { "x": 21, "y": 0, "w": 7, "h": 8 },
    "rotated": false,
    "trimmed": false,
    "spriteSourceSize": { "x": 0, "y": 0, "w": 7, "h": 8 },
    "sourceSize": { "w": 7, "h": 8 },
    "duration": 100
   },
   "menu_drops 4.ase": {
    "frame": { "x": 28, "y": 0, "w": 7, "h": 8 },
    "rotated": false,
    "trimmed": false,
    "spriteSourceSize": { "x": 0, "y": 0, "w": 7, "h": 8 },
    "sourceSize": { "w": 7, "h": 8 },
    "duration": 100
   },
   "menu_drops 5.ase": {
    "frame": { "x": 35, "y": 0, "w": 7, "h": 8 },
    "rotated": false,
    "trimmed": false,
    "spriteSourceSize": { "x": 0, "y": 0, "w": 7, "h": 8 },
    "sourceSize": { "w": 7, "h": 8 },
    "duration": 100
   },
   "menu_drops 6.ase": {
    "frame": { "x": 42, "y": 0, "w": 7, "h": 8 },
    "rotated": false,
    "trimmed": false,
    "spriteSourceSize": { "x": 0, "y": 0, "w": 7, "h": 8 },
    "sourceSize": { "w": 7, "h": 8 },
    "duration": 100
   },
   "menu_drops 7.ase": {
    "frame": { "x": 49, "y": 0, "w": 7, "h": 8 },
    "rotated": false,
    "trimmed": false,
    "spriteSourceSize": { "x": 0, "y": 0, "w": 7, "h": 8 },
    "sourceSize": { "w": 7, "h": 8 },
    "duration": 100
   },
   "menu_drops 8.ase": {
    "frame": { "x": 56, "y": 0, "w": 7, "h": 8 },
    "rotated": false,
    "trimmed": false,
    "spriteSourceSize": { "x": 0, "y": 0, "w": 7, "h": 8 },
    "sourceSize": { "w": 7, "h": 8 },
    "duration": 100
   },
   "menu_drops 9.ase": {
    "frame": { "x": 63, "y": 0, "w": 7, "h": 8 },
    "rotated": false,
    "trimmed": false,
    "spriteSourceSize": { "x": 0, "y": 0, "w": 7, "h": 8 },
    "sourceSize": { "w": 7, "h": 8 },
    "duration": 100
   },
   "menu_drops 10.ase": {
    "frame": { "x": 70, "y": 0, "w": 7, "h": 8 },
    "rotated": false,
    "trimmed": false,
    "spriteSourceSize": { "x": 0, "y": 0, "w": 7, "h": 8 },
    "sourceSize": { "w": 7, "h": 8 },
    "duration": 100
   },
   "menu_drops 11.ase": {
    "frame": { "x": 77, "y": 0, "w": 7, "h": 8 },
    "rotated": false,
    "trimmed": false,
    "spriteSourceSize": { "x": 0, "y": 0, "w": 7, "h": 8 },
    "sourceSize": { "w": 7, "h": 8 },
    "duration": 100
   }
 },
 "meta": {
  "app": "http://www.aseprite.org/",
  "version": "1.1.5-dev",
  "image": "assets/menu_drops.png",
  "format": "I8",
  "size": { "w": 84, "h": 8 },
  "scale": "1"
 }
}
