{ "frames": {
   "numbers_3x5 0.ase": {
    "frame": { "x": 0, "y": 0, "w": 3, "h": 5 },
    "rotated": false,
    "trimmed": false,
    "spriteSourceSize": { "x": 0, "y": 0, "w": 3, "h": 5 },
    "sourceSize": { "w": 3, "h": 5 },
    "duration": 100
   },
   "numbers_3x5 1.ase": {
    "frame": { "x": 3, "y": 0, "w": 3, "h": 5 },
    "rotated": false,
    "trimmed": false,
    "spriteSourceSize": { "x": 0, "y": 0, "w": 3, "h": 5 },
    "sourceSize": { "w": 3, "h": 5 },
    "duration": 100
   },
   "numbers_3x5 2.ase": {
    "frame": { "x": 6, "y": 0, "w": 3, "h": 5 },
    "rotated": false,
    "trimmed": false,
    "spriteSourceSize": { "x": 0, "y": 0, "w": 3, "h": 5 },
    "sourceSize": { "w": 3, "h": 5 },
    "duration": 100
   },
   "numbers_3x5 3.ase": {
    "frame": { "x": 9, "y": 0, "w": 3, "h": 5 },
    "rotated": false,
    "trimmed": false,
    "spriteSourceSize": { "x": 0, "y": 0, "w": 3, "h": 5 },
    "sourceSize": { "w": 3, "h": 5 },
    "duration": 100
   },
   "numbers_3x5 4.ase": {
    "frame": { "x": 12, "y": 0, "w": 3, "h": 5 },
    "rotated": false,
    "trimmed": false,
    "spriteSourceSize": { "x": 0, "y": 0, "w": 3, "h": 5 },
    "sourceSize": { "w": 3, "h": 5 },
    "duration": 100
   },
   "numbers_3x5 5.ase": {
    "frame": { "x": 15, "y": 0, "w": 3, "h": 5 },
    "rotated": false,
    "trimmed": false,
    "spriteSourceSize": { "x": 0, "y": 0, "w": 3, "h": 5 },
    "sourceSize": { "w": 3, "h": 5 },
    "duration": 100
   },
   "numbers_3x5 6.ase": {
    "frame": { "x": 18, "y": 0, "w": 3, "h": 5 },
    "rotated": false,
    "trimmed": false,
    "spriteSourceSize": { "x": 0, "y": 0, "w": 3, "h": 5 },
    "sourceSize": { "w": 3, "h": 5 },
    "duration": 100
   },
   "numbers_3x5 7.ase": {
    "frame": { "x": 21, "y": 0, "w": 3, "h": 5 },
    "rotated": false,
    "trimmed": false,
    "spriteSourceSize": { "x": 0, "y": 0, "w": 3, "h": 5 },
    "sourceSize": { "w": 3, "h": 5 },
    "duration": 100
   },
   "numbers_3x5 8.ase": {
    "frame": { "x": 24, "y": 0, "w": 3, "h": 5 },
    "rotated": false,
    "trimmed": false,
    "spriteSourceSize": { "x": 0, "y": 0, "w": 3, "h": 5 },
    "sourceSize": { "w": 3, "h": 5 },
    "duration": 100
   },
   "numbers_3x5 9.ase": {
    "frame": { "x": 27, "y": 0, "w": 3, "h": 5 },
    "rotated": false,
    "trimmed": false,
    "spriteSourceSize": { "x": 0, "y": 0, "w": 3, "h": 5 },
    "sourceSize": { "w": 3, "h": 5 },
    "duration": 100
   }
 },
 "meta": {
  "app": "http://www.aseprite.org/",
  "version": "1.1.5-dev",
  "image": "assets/numbers_3x5.png",
  "format": "I8",
  "size": { "w": 30, "h": 5 },
  "scale": "1"
 }
}
