{ "frames": {
   "powerups 0.ase": {
    "frame": { "x": 0, "y": 0, "w": 8, "h": 8 },
    "rotated": false,
    "trimmed": false,
    "spriteSourceSize": { "x": 0, "y": 0, "w": 8, "h": 8 },
    "sourceSize": { "w": 8, "h": 8 },
    "duration": 150
   },
   "powerups 1.ase": {
    "frame": { "x": 8, "y": 0, "w": 8, "h": 8 },
    "rotated": false,
    "trimmed": false,
    "spriteSourceSize": { "x": 0, "y": 0, "w": 8, "h": 8 },
    "sourceSize": { "w": 8, "h": 8 },
    "duration": 150
   },
   "powerups 2.ase": {
    "frame": { "x": 16, "y": 0, "w": 8, "h": 8 },
    "rotated": false,
    "trimmed": false,
    "spriteSourceSize": { "x": 0, "y": 0, "w": 8, "h": 8 },
    "sourceSize": { "w": 8, "h": 8 },
    "duration": 150
   },
   "powerups 3.ase": {
    "frame": { "x": 24, "y": 0, "w": 8, "h": 8 },
    "rotated": false,
    "trimmed": false,
    "spriteSourceSize": { "x": 0, "y": 0, "w": 8, "h": 8 },
    "sourceSize": { "w": 8, "h": 8 },
    "duration": 150
   },
   "powerups 4.ase": {
    "frame": { "x": 32, "y": 0, "w": 8, "h": 8 },
    "rotated": false,
    "trimmed": false,
    "spriteSourceSize": { "x": 0, "y": 0, "w": 8, "h": 8 },
    "sourceSize": { "w": 8, "h": 8 },
    "duration": 150
   },
   "powerups 5.ase": {
    "frame": { "x": 40, "y": 0, "w": 8, "h": 8 },
    "rotated": false,
    "trimmed": false,
    "spriteSourceSize": { "x": 0, "y": 0, "w": 8, "h": 8 },
    "sourceSize": { "w": 8, "h": 8 },
    "duration": 150
   },
   "powerups 6.ase": {
    "frame": { "x": 48, "y": 0, "w": 8, "h": 8 },
    "rotated": false,
    "trimmed": false,
    "spriteSourceSize": { "x": 0, "y": 0, "w": 8, "h": 8 },
    "sourceSize": { "w": 8, "h": 8 },
    "duration": 150
   },
   "powerups 7.ase": {
    "frame": { "x": 56, "y": 0, "w": 8, "h": 8 },
    "rotated": false,
    "trimmed": false,
    "spriteSourceSize": { "x": 0, "y": 0, "w": 8, "h": 8 },
    "sourceSize": { "w": 8, "h": 8 },
    "duration": 150
   },
   "powerups 8.ase": {
    "frame": { "x": 64, "y": 0, "w": 8, "h": 8 },
    "rotated": false,
    "trimmed": false,
    "spriteSourceSize": { "x": 0, "y": 0, "w": 8, "h": 8 },
    "sourceSize": { "w": 8, "h": 8 },
    "duration": 150
   },
   "powerups 9.ase": {
    "frame": { "x": 72, "y": 0, "w": 8, "h": 8 },
    "rotated": false,
    "trimmed": false,
    "spriteSourceSize": { "x": 0, "y": 0, "w": 8, "h": 8 },
    "sourceSize": { "w": 8, "h": 8 },
    "duration": 150
   },
   "powerups 10.ase": {
    "frame": { "x": 80, "y": 0, "w": 8, "h": 8 },
    "rotated": false,
    "trimmed": false,
    "spriteSourceSize": { "x": 0, "y": 0, "w": 8, "h": 8 },
    "sourceSize": { "w": 8, "h": 8 },
    "duration": 150
   },
   "powerups 11.ase": {
    "frame": { "x": 88, "y": 0, "w": 8, "h": 8 },
    "rotated": false,
    "trimmed": false,
    "spriteSourceSize": { "x": 0, "y": 0, "w": 8, "h": 8 },
    "sourceSize": { "w": 8, "h": 8 },
    "duration": 150
   }
 },
 "meta": {
  "app": "http://www.aseprite.org/",
  "version": "1.1.5-dev",
  "image": "assets/powerups.png",
  "format": "I8",
  "size": { "w": 96, "h": 8 },
  "scale": "1"
 }
}
