{ "frames": {
   "water_bomb_air 0.ase": {
    "frame": { "x": 0, "y": 0, "w": 4, "h": 5 },
    "rotated": false,
    "trimmed": false,
    "spriteSourceSize": { "x": 0, "y": 0, "w": 4, "h": 5 },
    "sourceSize": { "w": 4, "h": 5 },
    "duration": 100
   },
   "water_bomb_air 1.ase": {
    "frame": { "x": 4, "y": 0, "w": 4, "h": 5 },
    "rotated": false,
    "trimmed": false,
    "spriteSourceSize": { "x": 0, "y": 0, "w": 4, "h": 5 },
    "sourceSize": { "w": 4, "h": 5 },
    "duration": 100
   },
   "water_bomb_air 2.ase": {
    "frame": { "x": 8, "y": 0, "w": 4, "h": 5 },
    "rotated": false,
    "trimmed": false,
    "spriteSourceSize": { "x": 0, "y": 0, "w": 4, "h": 5 },
    "sourceSize": { "w": 4, "h": 5 },
    "duration": 100
   },
   "water_bomb_air 3.ase": {
    "frame": { "x": 12, "y": 0, "w": 4, "h": 5 },
    "rotated": false,
    "trimmed": false,
    "spriteSourceSize": { "x": 0, "y": 0, "w": 4, "h": 5 },
    "sourceSize": { "w": 4, "h": 5 },
    "duration": 100
   }
 },
 "meta": {
  "app": "http://www.aseprite.org/",
  "version": "1.1.5-dev",
  "image": "assets/water_bomb_air.png",
  "format": "I8",
  "size": { "w": 16, "h": 5 },
  "scale": "1"
 }
}
